macid1,macid2
abelsonj,abelsonj
abelsonj,dunnjam
abelsonj,grignon
abelsonj,kaasal
abelsonj,thabanl
acosta,acosta
acosta,agarg
acosta,griffith
acosta,paulmc
acosta,ploegj
acosta,seowh
acosta,tarride
agarg,acosta
agarg,agarg
agarg,dolive
agarg,dsherif
agarg,griffith
agarg,jrichard
agarg,kaasal
agarg,ldolovic
agarg,mangind
agarg,mdenton
agarg,papaioa
agarg,ploegj
agarg,praina
agarg,tarride
agarg,thabanl
agarg,valaitis
alkhazrb,alkhazrb
alvare,alvare
alvare,anderl10
alvare,lokkerc
alvare,tarride
alvare,thabanl
amstere,amstere
amstere,bassimc
amstere,beaucm1
amstere,cversch
amstere,dushoff
amstere,jrichard
amstere,kuspinaa
amstere,maj26
amstere,valaitis
amstere,vrkljan
anderl10,alvare
anderl10,anderl10
anderl10,griffith
anderl10,lokkerc
anderl10,maj26
anderl10,praina
anderl10,seowh
anderl10,tarride
andrews,andrews
andrews,dunnjam
andrews,gillett
andrews,grenier
andrews,griffmb
andrews,mdenton
archer,archer
archer,connell
archer,grignon
archer,hassank
archer,headm
archer,ldolovic
archer,lokkerc
archer,praina
archer,rzheng
archer,yuanyuf
astephej,astephej
atang,atang
atang,brookd8
atang,heiszjj
atang,jrichard
atang,khome
atang,macdonmj
atang,solomon
atang,thabanl
awill,awill
awill,fisheka
awill,kaasal
awill,mreid
awill,newbold
awill,ploegj
awill,wangli1
bassimc,amstere
bassimc,bassimc
bassimc,beaucm1
bassimc,cversch
bassimc,duongmy
bassimc,dushoff
bassimc,griffith
bassimc,jrichard
bassimc,kuspinaa
bassimc,maj26
bassimc,praina
bassimc,valaitis
bassimc,vrkljan
baxterp,baxterp
baxterp,kaasal
baxterp,mreid
baxterp,ploegj
baxterp,thabanl
baxterp,valaitis
beaucm1,amstere
beaucm1,bassimc
beaucm1,beaucm1
beaucm1,brookd8
beaucm1,cversch
beaucm1,dushoff
beaucm1,griffith
beaucm1,jrichard
beaucm1,kuspinaa
beaucm1,maj26
beaucm1,valaitis
beaucm1,vrkljan
beckers,beckers
beckers,brucei
beckers,fahnest
beckers,heiszjj
beckers,ljt
belkhir,belkhir
belkhir,robert
bhonig,bhonig
boschj,boschj
boschj,jrichard
boschj,nosewor
boschj,praina
boschj,thabanl
bowdish,bowdish
bowdish,cversch
bowdish,heiszjj
bowdish,hoaretr
bowdish,praina
bowdish,rheinsm
bowdish,sloboda
bowdish,surette
bowdish,thabanl
brookd8,atang
brookd8,beaucm1
brookd8,brookd8
brookd8,carlesl
brookd8,solomon
brucei,beckers
brucei,brucei
brucei,ljt
calicg,calicg
calicg,ghasemm
calicg,hassank
carlesl,brookd8
carlesl,carlesl
carlesl,ldolovic
carlesl,macedol
carlesl,thabanl
charupat,charupat
connell,archer
connell,connell
connell,yuanyuf
cqxu,cqxu
cqxu,jamal
cqxu,qfang
cqxu,selvaga
cversch,amstere
cversch,bassimc
cversch,beaucm1
cversch,bowdish
cversch,cversch
cversch,duongmy
cversch,dushoff
cversch,griffith
cversch,jrichard
cversch,kuspinaa
cversch,maj26
cversch,praina
cversch,rheinsm
cversch,singhg
cversch,surette
cversch,thabanl
cversch,valaitis
cversch,vrkljan
dolive,agarg
dolive,dolive
dolive,griffith
dolive,ioannig
dolive,jrichard
dolive,ldolovic
dolive,mangind
dolive,papaioa
dolive,ploegj
dolive,praina
dolive,thabanl
dolive,valaitis
doylet,doylet
doylet,jconnol
dsherif,agarg
dsherif,dsherif
dsherif,kaasal
dsherif,ldolovic
dsherif,mangind
dsherif,mreid
dsherif,ploegj
dsherif,praina
dsherif,valaitis
dunnjam,abelsonj
dunnjam,andrews
dunnjam,dunnjam
dunnjam,gonzal
dunnjam,wangli1
duongmy,bassimc
duongmy,cversch
duongmy,duongmy
duongmy,gstein
durochee,durochee
dushoff,amstere
dushoff,bassimc
dushoff,beaucm1
dushoff,cversch
dushoff,dushoff
dushoff,jrichard
dushoff,kuspinaa
dushoff,maj26
dushoff,valaitis
dushoff,vrkljan
fahnest,beckers
fahnest,fahnest
fahnest,heiszjj
fahnest,nelsonaj
fchiang,fchiang
fisheka,awill
fisheka,fisheka
fisheka,ganannrl
fisheka,griffith
fisheka,kaasal
fisheka,mreid
fisheka,newbold
fisheka,ploegj
fisheka,seowh
fisheka,thabanl
fisheka,valaitis
galeav,galeav
ganannrl,fisheka
ganannrl,ganannrl
ganannrl,mreid
ganannrl,newbold
ganannrl,ploegj
ganannrl,thabanl
ganannrl,valaitis
gardnerp,gardnerp
gardnerp,papaioa
gardnerp,rzheng
gary,gary
ghasemm,calicg
ghasemm,ghasemm
ghasemm,hassank
gillett,andrews
gillett,gillett
gillett,grenier
gillett,griffmb
gonzal,dunnjam
gonzal,gonzal
gonzal,wangli1
grandfk,grandfk
grandfk,hoaretr
grandfk,schwarcz
grandfk,selvaga
grenier,andrews
grenier,gillett
grenier,grenier
grenier,griffmb
grenier,newbold
grenier,vrkljan
griffith,acosta
griffith,agarg
griffith,anderl10
griffith,bassimc
griffith,beaucm1
griffith,cversch
griffith,dolive
griffith,fisheka
griffith,griffith
griffith,jrichard
griffith,kuspinaa
griffith,ldolovic
griffith,lettsl
griffith,maj26
griffith,mangind
griffith,mreid
griffith,papaioa
griffith,ploegj
griffith,praina
griffith,thabanl
griffith,valaitis
griffith,vrkljan
griffmb,andrews
griffmb,gillett
griffmb,grenier
griffmb,griffmb
grignon,abelsonj
grignon,archer
grignon,grignon
grignon,wangli1
gstein,duongmy
gstein,gstein
gstein,ljubic
gstein,nosewor
gstein,phillis
gstein,singhg
gstein,surette
gstein,tarnopol
guptab,guptab
guptab,hoaretr
guptab,jamal
guptab,mishrar
guptab,selvaga
hassank,archer
hassank,calicg
hassank,ghasemm
hassank,hassank
hassank,headm
hassank,rzheng
hassank,yuanyuf
headm,archer
headm,hassank
headm,headm
headm,rzheng
headm,yuanyuf
heiszjj,atang
heiszjj,beckers
heiszjj,bowdish
heiszjj,fahnest
heiszjj,heiszjj
heiszjj,jrichard
heiszjj,macdonmj
heiszjj,nelsonaj
heiszjj,pariseg
heiszjj,phillis
heiszjj,praina
heiszjj,shedden
hirotaja,hirotaja
hoaretr,bowdish
hoaretr,grandfk
hoaretr,guptab
hoaretr,hoaretr
hoaretr,mishrar
hoaretr,rheinsm
hoaretr,selvaga
ioannig,dolive
ioannig,ioannig
ioannig,jrichard
ioannig,ldolovic
ioannig,maj26
ioannig,papaioa
ioannig,pritcjm
ioannig,thabanl
jamal,cqxu
jamal,guptab
jamal,jamal
jamal,qfang
jamal,selvaga
jconnol,doylet
jconnol,jconnol
jconnol,nosewor
jrichard,agarg
jrichard,amstere
jrichard,atang
jrichard,bassimc
jrichard,beaucm1
jrichard,boschj
jrichard,cversch
jrichard,dolive
jrichard,dushoff
jrichard,griffith
jrichard,heiszjj
jrichard,ioannig
jrichard,jrichard
jrichard,kuspinaa
jrichard,ldolovic
jrichard,lettsl
jrichard,macdonmj
jrichard,maj26
jrichard,mangind
jrichard,papaioa
jrichard,ploegj
jrichard,praina
jrichard,thabanl
jrichard,valaitis
jrichard,vrkljan
kaasal,abelsonj
kaasal,agarg
kaasal,awill
kaasal,baxterp
kaasal,dsherif
kaasal,fisheka
kaasal,kaasal
kaasal,ldolovic
kaasal,mreid
kaasal,papaioa
kaasal,ploegj
kaasal,thabanl
kaasal,vdalbel
khome,atang
khome,khome
khome,solomon
khome,tarride
khome,thabanl
kobsard,kobsard
kuspinaa,amstere
kuspinaa,bassimc
kuspinaa,beaucm1
kuspinaa,cversch
kuspinaa,dushoff
kuspinaa,griffith
kuspinaa,jrichard
kuspinaa,kuspinaa
kuspinaa,macedol
kuspinaa,maj26
kuspinaa,valaitis
kuspinaa,vrkljan
larost1,larost1
ldolovic,agarg
ldolovic,archer
ldolovic,carlesl
ldolovic,dolive
ldolovic,dsherif
ldolovic,griffith
ldolovic,ioannig
ldolovic,jrichard
ldolovic,kaasal
ldolovic,ldolovic
ldolovic,lokkerc
ldolovic,maj26
ldolovic,mangind
ldolovic,mreid
ldolovic,papaioa
ldolovic,ploegj
ldolovic,praina
ldolovic,tarride
ldolovic,thabanl
ldolovic,valaitis
lettsl,griffith
lettsl,jrichard
lettsl,lettsl
lettsl,vrkljan
ljt,beckers
ljt,brucei
ljt,ljt
ljubic,gstein
ljubic,ljubic
lokkerc,alvare
lokkerc,anderl10
lokkerc,archer
lokkerc,ldolovic
lokkerc,lokkerc
lokkerc,tarride
macdonmj,atang
macdonmj,heiszjj
macdonmj,jrichard
macdonmj,macdonmj
macdonmj,phillis
macdonmj,pjkeir
macdonmj,tarnopol
macedol,carlesl
macedol,kuspinaa
macedol,macedol
maj26,amstere
maj26,anderl10
maj26,bassimc
maj26,beaucm1
maj26,cversch
maj26,dushoff
maj26,griffith
maj26,ioannig
maj26,jrichard
maj26,kuspinaa
maj26,ldolovic
maj26,maj26
maj26,papaioa
maj26,praina
maj26,seowh
maj26,thabanl
maj26,valaitis
maj26,vrkljan
mangind,agarg
mangind,dolive
mangind,dsherif
mangind,griffith
mangind,jrichard
mangind,ldolovic
mangind,mangind
mangind,papaioa
mangind,ploegj
mangind,praina
mangind,tarride
mangind,thabanl
mangind,valaitis
marcum2,marcum2
marcum2,thabanl
mdenton,agarg
mdenton,andrews
mdenton,mdenton
mdenton,ploegj
mishrar,guptab
mishrar,hoaretr
mishrar,mishrar
mishrar,selvaga
mohrens,mohrens
mohrens,rzheng
mohrens,shedden
motamedz,motamedz
mreid,awill
mreid,baxterp
mreid,dsherif
mreid,fisheka
mreid,ganannrl
mreid,griffith
mreid,kaasal
mreid,ldolovic
mreid,mreid
mreid,ploegj
mreid,thabanl
mreid,valaitis
mreid,wangli1
namasia,namasia
nelsonaj,fahnest
nelsonaj,heiszjj
nelsonaj,nelsonaj
nelsonaj,nosewor
nelsonaj,paulmc
nelsonaj,pjkeir
nelsonaj,shedden
newbold,awill
newbold,fisheka
newbold,ganannrl
newbold,grenier
newbold,newbold
newbold,paezha
newbold,thabanl
newbold,valaitis
newbold,vrkljan
nosewor,boschj
nosewor,gstein
nosewor,jconnol
nosewor,nelsonaj
nosewor,nosewor
nosewor,phillis
nosewor,pjkeir
nosewor,schwarcz
nosewor,tarnopol
nosewor,thabanl
olivejp,olivejp
paezha,newbold
paezha,paezha
papaioa,agarg
papaioa,dolive
papaioa,gardnerp
papaioa,griffith
papaioa,ioannig
papaioa,jrichard
papaioa,kaasal
papaioa,ldolovic
papaioa,maj26
papaioa,mangind
papaioa,papaioa
papaioa,ploegj
papaioa,praina
papaioa,pritcjm
papaioa,rzheng
papaioa,schwarcz
papaioa,sztramrw
papaioa,tarride
papaioa,thabanl
papaioa,valaitis
papaioa,vdalbel
pariseg,heiszjj
pariseg,pariseg
pariseg,paulmc
pariseg,phillis
pariseg,praina
pariseg,tarnopol
pariseg,thabanl
paulmc,acosta
paulmc,nelsonaj
paulmc,pariseg
paulmc,paulmc
paulmc,phillis
paulmc,praina
paulmc,thabanl
phillis,gstein
phillis,heiszjj
phillis,macdonmj
phillis,nosewor
phillis,pariseg
phillis,paulmc
phillis,phillis
phillis,pjkeir
phillis,praina
phillis,schwarcz
phillis,tarnopol
phillis,thabanl
pjkeir,macdonmj
pjkeir,nelsonaj
pjkeir,nosewor
pjkeir,phillis
pjkeir,pjkeir
ploegj,acosta
ploegj,agarg
ploegj,awill
ploegj,baxterp
ploegj,dolive
ploegj,dsherif
ploegj,fisheka
ploegj,ganannrl
ploegj,griffith
ploegj,jrichard
ploegj,kaasal
ploegj,ldolovic
ploegj,mangind
ploegj,mdenton
ploegj,mreid
ploegj,papaioa
ploegj,ploegj
ploegj,praina
ploegj,thabanl
ploegj,valaitis
ploegj,wangli1
praina,agarg
praina,anderl10
praina,archer
praina,bassimc
praina,boschj
praina,bowdish
praina,cversch
praina,dolive
praina,dsherif
praina,griffith
praina,heiszjj
praina,jrichard
praina,ldolovic
praina,maj26
praina,mangind
praina,papaioa
praina,pariseg
praina,paulmc
praina,phillis
praina,ploegj
praina,praina
praina,solomon
praina,tarride
praina,thabanl
praina,valaitis
praina,vrkljan
pritcjm,ioannig
pritcjm,papaioa
pritcjm,pritcjm
pritcjm,schwarcz
pritcjm,thabanl
qfang,cqxu
qfang,jamal
qfang,qfang
qfang,selvaga
quennev,quennev
rheinsm,bowdish
rheinsm,cversch
rheinsm,hoaretr
rheinsm,rheinsm
robert,belkhir
robert,robert
robert,vrkljan
rzheng,archer
rzheng,gardnerp
rzheng,hassank
rzheng,headm
rzheng,mohrens
rzheng,papaioa
rzheng,rzheng
rzheng,shedden
saperson,saperson
satiai,satiai
schwarcz,grandfk
schwarcz,nosewor
schwarcz,papaioa
schwarcz,phillis
schwarcz,pritcjm
schwarcz,schwarcz
schwarcz,tarnopol
sekuler,sekuler
selvaga,cqxu
selvaga,grandfk
selvaga,guptab
selvaga,hoaretr
selvaga,jamal
selvaga,mishrar
selvaga,qfang
selvaga,selvaga
seowh,acosta
seowh,anderl10
seowh,fisheka
seowh,maj26
seowh,seowh
shedden,heiszjj
shedden,mohrens
shedden,nelsonaj
shedden,rzheng
shedden,shedden
singhg,cversch
singhg,gstein
singhg,singhg
singhg,tarnopol
sloboda,bowdish
sloboda,sloboda
sloboda,surette
solomon,atang
solomon,brookd8
solomon,khome
solomon,praina
solomon,solomon
surette,bowdish
surette,cversch
surette,gstein
surette,sloboda
surette,surette
surette,thabanl
sztramrw,papaioa
sztramrw,sztramrw
tarnopol,gstein
tarnopol,macdonmj
tarnopol,nosewor
tarnopol,pariseg
tarnopol,phillis
tarnopol,schwarcz
tarnopol,singhg
tarnopol,tarnopol
tarnopol,thabanl
tarride,acosta
tarride,agarg
tarride,alvare
tarride,anderl10
tarride,khome
tarride,ldolovic
tarride,lokkerc
tarride,mangind
tarride,papaioa
tarride,praina
tarride,tarride
tarride,thabanl
tarride,valaitis
tflynn,tflynn
thabanl,abelsonj
thabanl,agarg
thabanl,alvare
thabanl,atang
thabanl,baxterp
thabanl,boschj
thabanl,bowdish
thabanl,carlesl
thabanl,cversch
thabanl,dolive
thabanl,fisheka
thabanl,ganannrl
thabanl,griffith
thabanl,ioannig
thabanl,jrichard
thabanl,kaasal
thabanl,khome
thabanl,ldolovic
thabanl,maj26
thabanl,mangind
thabanl,marcum2
thabanl,mreid
thabanl,newbold
thabanl,nosewor
thabanl,papaioa
thabanl,pariseg
thabanl,paulmc
thabanl,phillis
thabanl,ploegj
thabanl,praina
thabanl,pritcjm
thabanl,surette
thabanl,tarnopol
thabanl,tarride
thabanl,thabanl
thabanl,valaitis
thabanl,wangli1
valaitis,agarg
valaitis,amstere
valaitis,bassimc
valaitis,baxterp
valaitis,beaucm1
valaitis,cversch
valaitis,dolive
valaitis,dsherif
valaitis,dushoff
valaitis,fisheka
valaitis,ganannrl
valaitis,griffith
valaitis,jrichard
valaitis,kuspinaa
valaitis,ldolovic
valaitis,maj26
valaitis,mangind
valaitis,mreid
valaitis,newbold
valaitis,papaioa
valaitis,ploegj
valaitis,praina
valaitis,tarride
valaitis,thabanl
valaitis,valaitis
valaitis,vrkljan
vdalbel,kaasal
vdalbel,papaioa
vdalbel,vdalbel
veall,veall
vickup,vickup
vrkljan,amstere
vrkljan,bassimc
vrkljan,beaucm1
vrkljan,cversch
vrkljan,dushoff
vrkljan,grenier
vrkljan,griffith
vrkljan,jrichard
vrkljan,kuspinaa
vrkljan,lettsl
vrkljan,maj26
vrkljan,newbold
vrkljan,praina
vrkljan,robert
vrkljan,valaitis
vrkljan,vrkljan
wangli1,awill
wangli1,dunnjam
wangli1,gonzal
wangli1,grignon
wangli1,mreid
wangli1,ploegj
wangli1,thabanl
wangli1,wangli1
woolhmh,woolhmh
yuanyuf,archer
yuanyuf,connell
yuanyuf,hassank
yuanyuf,headm
yuanyuf,yuanyuf
zhoura,zhoura
zhuxu,zhuxu
